[
  {
    "name": "100% Cotton Knit Half Sleeves Frock with Butterfly Print",
    "description": "PRODUCT DESCRIPTION\nSpecifications:\nBrand - Pink Rabbit\nType - One Piece Dresses/Frocks\nSleeve Length - Half Sleeves\nLength - Short/Knee Length\nNeck - Round Neck\nNeck Opening - Back Buttons\nStyle - Fit and Flare\nFabric - Interlock, Cotton\nPattern - All Over Prints\nOccasion/Utility - Essentials\nCollection - Animals & Birds\n",
    "price": 450.0,
    "imageUrl": "BabyD1",
    "category":"Baby Dress" ,
    "stockQuantity": 130
  },
  {
    "name": "Allen Solly Girls Dress",
    "description": "PRODUCT DESCRIPTION\nSpecifications:\nProduct Dimensions \u200F : \u200E 19 x 43 x 4 cm; 300 g\nManufacturer \u200F : \u200E ABFRL\nCountry of Origin \u200F : \u200E India\nDepartment \u200F : \u200E Girls\nManufacturer \u200F : \u200E ABFRL, ROCKET KOMMERCE LLP,NO:1/1,5TH FLOOR,VINAYAKA TOWERS,1ST CROSS,GANDHINAGAR-560009,Bangalore,Karnataka,India\nPacker \u200F : \u200E ROCKET KOMMERCE LLP,NO:1/1,5TH FLOOR,VINAYAKA TOWERS,1ST CROSS,GANDHINAGAR-560009,Bangalore,Karnataka,India\nItem Weight \u200F : \u200E 300 g\nItem Dimensions LxWxH \u200F : \u200E 19 x 43 x 4 Centimeters\nGeneric Name \u200F : \u200E Dress\n",
    "price": 699.0,
    "imageUrl": "GirlD1",
    "category":"Girl Dress" ,
    "stockQuantity": 250
  },
  {
    "name": "DEELMO Men's Cotton Blend Mandarin Collar Self One Design Full Sleeve Casual Short Kurta",
    "description": "PRODUCT DESCRIPTION\nSpecifications:\nMaterial composition - Cotton Blend\nPattern - Solid\nFit type - Regular Fit\nSleeve type - Long Sleeve\nCollar style - Mandarin Collar\nLength - Short Length\nCountry of Origin - India\n",
    "price": 490.0,
    "imageUrl": "BoyD1",
    "category":"Boy Dress" ,
    "stockQuantity": 230
  },
  {
    "name": "Symbol Premium Women Fit & Flare Wrap Dress",
    "description": "PRODUCT DESCRIPTION\nSpecifications:\nMaterial type - Polyester\nLength - Midi\nOccasion type - Formal and Smart Casual\nSleeve type - Half Sleeve\nPattern - Solid\nStyle - Fit And Flare\nCountry of Origin - India\n",
    "price": 1999.0,
    "imageUrl": "GirlD2",
    "category":"Girl Dress" ,
    "stockQuantity": 630
  },
  {
    "name": "product 5",
    "description": "description of product5",
    "price": 500.0,
    "imageUrl": "https://cdn.shopify.com/s/files/1/0070/7032/files/product-label-design.jpg?v=1680902906",
    "category":"Baby Dress" ,
    "stockQuantity": 130
  }
]